learning_rate,hidden_size,num_layers,best_value
0.00954735288307499,126,2,0.36661881804466245
