learning_rate,hidden_size,num_layers,best_value
0.007583381817379523,69,3,0.36717748641967773
