incentive_weight,learning_rate,hidden_size,num_layers,best_value
0.4903471048396767,0.009674911125453177,76,3,0.3725165486335754
