learning_rate,hidden_size,num_layers,best_value
0.008986003490871558,106,3,0.3640144348144531
