incentive_weight,learning_rate,hidden_size,num_layers,best_value
0.1484661291790642,0.006598368459495752,44,4,0.36874291896820066
